<?xml version="1.0" encoding="UTF-8"?>
<point_cloud version="1.2.0">
  <tracks path="tracks.ply" count="34853"/>
  <points path="points.ply" count="29599"/>
  <projections camera_id="0" path="p0.ply" count="1673"/>
  <projections camera_id="1" path="p1.ply" count="1756"/>
  <projections camera_id="2" path="p2.ply" count="2250"/>
  <projections camera_id="3" path="p3.ply" count="726"/>
  <projections camera_id="4" path="p4.ply" count="2630"/>
  <projections camera_id="5" path="p5.ply" count="1808"/>
  <projections camera_id="6" path="p6.ply" count="2184"/>
  <projections camera_id="7" path="p7.ply" count="2519"/>
  <projections camera_id="8" path="p8.ply" count="2612"/>
  <projections camera_id="9" path="p9.ply" count="2887"/>
  <projections camera_id="10" path="p10.ply" count="2643"/>
  <projections camera_id="11" path="p11.ply" count="1615"/>
  <projections camera_id="12" path="p12.ply" count="578"/>
  <projections camera_id="13" path="p13.ply" count="2145"/>
  <projections camera_id="14" path="p14.ply" count="1860"/>
  <projections camera_id="15" path="p15.ply" count="677"/>
  <projections camera_id="16" path="p16.ply" count="2142"/>
  <projections camera_id="17" path="p17.ply" count="2245"/>
  <projections camera_id="18" path="p18.ply" count="1546"/>
  <projections camera_id="19" path="p19.ply" count="1682"/>
  <projections camera_id="20" path="p20.ply" count="419"/>
  <projections camera_id="21" path="p21.ply" count="1792"/>
  <projections camera_id="22" path="p22.ply" count="1932"/>
  <projections camera_id="23" path="p23.ply" count="1774"/>
  <projections camera_id="24" path="p24.ply" count="2359"/>
  <projections camera_id="25" path="p25.ply" count="2305"/>
  <projections camera_id="26" path="p26.ply" count="1939"/>
  <projections camera_id="27" path="p27.ply" count="1973"/>
  <projections camera_id="28" path="p28.ply" count="1203"/>
  <projections camera_id="29" path="p29.ply" count="1323"/>
  <projections camera_id="30" path="p30.ply" count="1129"/>
  <projections camera_id="31" path="p31.ply" count="1618"/>
  <projections camera_id="32" path="p32.ply" count="1299"/>
  <projections camera_id="33" path="p33.ply" count="1424"/>
  <projections camera_id="34" path="p34.ply" count="1514"/>
  <projections camera_id="35" path="p35.ply" count="1779"/>
  <projections camera_id="36" path="p36.ply" count="1386"/>
  <projections camera_id="37" path="p37.ply" count="297"/>
  <projections camera_id="38" path="p38.ply" count="1804"/>
  <projections camera_id="39" path="p39.ply" count="1666"/>
  <projections camera_id="40" path="p40.ply" count="1520"/>
  <projections camera_id="41" path="p41.ply" count="1204"/>
  <projections camera_id="42" path="p42.ply" count="1095"/>
  <projections camera_id="43" path="p43.ply" count="1492"/>
  <projections camera_id="44" path="p44.ply" count="1382"/>
  <projections camera_id="45" path="p45.ply" count="1310"/>
  <projections camera_id="46" path="p46.ply" count="1362"/>
  <projections camera_id="47" path="p47.ply" count="919"/>
  <projections camera_id="48" path="p48.ply" count="489"/>
  <projections camera_id="49" path="p49.ply" count="723"/>
  <projections camera_id="50" path="p50.ply" count="661"/>
  <projections camera_id="51" path="p51.ply" count="775"/>
  <projections camera_id="52" path="p52.ply" count="787"/>
  <projections camera_id="53" path="p53.ply" count="435"/>
  <projections camera_id="54" path="p54.ply" count="305"/>
  <projections camera_id="55" path="p55.ply" count="341"/>
  <projections camera_id="56" path="p56.ply" count="200"/>
  <projections camera_id="57" path="p57.ply" count="1194"/>
  <projections camera_id="58" path="p58.ply" count="839"/>
  <projections camera_id="59" path="p59.ply" count="471"/>
  <projections camera_id="60" path="p60.ply" count="264"/>
  <projections camera_id="61" path="p61.ply" count="459"/>
  <projections camera_id="62" path="p62.ply" count="691"/>
  <projections camera_id="63" path="p63.ply" count="755"/>
  <projections camera_id="64" path="p64.ply" count="1623"/>
  <projections camera_id="65" path="p65.ply" count="1771"/>
  <projections camera_id="66" path="p66.ply" count="1059"/>
  <projections camera_id="67" path="p67.ply" count="1843"/>
  <projections camera_id="68" path="p68.ply" count="611"/>
  <projections camera_id="69" path="p69.ply" count="618"/>
  <projections camera_id="70" path="p70.ply" count="119"/>
  <projections camera_id="71" path="p71.ply" count="2100"/>
  <projections camera_id="72" path="p72.ply" count="2049"/>
  <projections camera_id="73" path="p73.ply" count="2065"/>
  <projections camera_id="74" path="p74.ply" count="1619"/>
  <projections camera_id="75" path="p75.ply" count="1451"/>
  <projections camera_id="76" path="p76.ply" count="1183"/>
  <projections camera_id="77" path="p77.ply" count="1886"/>
  <projections camera_id="78" path="p78.ply" count="1681"/>
  <projections camera_id="79" path="p79.ply" count="1493"/>
  <projections camera_id="80" path="p80.ply" count="1260"/>
  <projections camera_id="81" path="p81.ply" count="418"/>
  <projections camera_id="82" path="p82.ply" count="37"/>
  <projections camera_id="83" path="p83.ply" count="2566"/>
  <projections camera_id="84" path="p84.ply" count="984"/>
  <projections camera_id="85" path="p85.ply" count="1101"/>
  <projections camera_id="86" path="p86.ply" count="2685"/>
  <projections camera_id="87" path="p87.ply" count="1769"/>
  <projections camera_id="88" path="p88.ply" count="1079"/>
  <projections camera_id="89" path="p89.ply" count="1482"/>
  <projections camera_id="90" path="p90.ply" count="1895"/>
  <projections camera_id="91" path="p91.ply" count="2058"/>
  <projections camera_id="92" path="p92.ply" count="1800"/>
  <meta>
    <property name="match/duration" value="1209.955308"/>
    <property name="match/match_downscale" value="0"/>
    <property name="match/match_filter_mask" value="false"/>
    <property name="match/match_point_limit" value="40000"/>
    <property name="match/match_select_pairs" value="1"/>
    <property name="match/match_tiepoint_limit" value="4000"/>
  </meta>
</point_cloud>
